-- Adminer 4.6.1 MySQL dump

SET NAMES utf8;
SET time_zone = '+00:00';
SET foreign_key_checks = 0;
SET sql_mode = 'NO_AUTO_VALUE_ON_ZERO';

CREATE DATABASE `kumon_new` /*!40100 DEFAULT CHARACTER SET latin1 */;
USE `kumon_new`;

DELIMITER ;;

DROP EVENT IF EXISTS `update_status_pending`;;
CREATE EVENT `update_status_pending` ON SCHEDULE EVERY 1 MINUTE STARTS '2017-11-26 18:22:17' ON COMPLETION PRESERVE ENABLE DO BEGIN
            INSERT INTO ticket_detail (ticket_id, ticket_status_id, user_id, cid, service, description, ticket_pending, status_pending)            
	    SELECT ticket_id, 1, user_id, cid, service, 'Auto open by schedule', NULL, NULL            
            FROM ticket_detail
            WHERE ticket_pending<=NOW() AND ticket_pending IS NOT NULL AND status_pending IS NULL;

         IF Row_Count()=1 THEN
            UPDATE ticket_detail SET status_pending=1, updated_date=NOW()
            WHERE ticket_pending <= NOW() AND ticket_pending IS NOT NULL AND status_pending IS NULL;
        
            UPDATE ticket SET ticket_status_id=1, updated_date=NOW()
            WHERE ticket_id=ticket_id AND ticket_status_id=2;
         END IF;
        END;;

DELIMITER ;

DROP TABLE IF EXISTS `event`;
CREATE TABLE `event` (
  `event_id` int(10) NOT NULL AUTO_INCREMENT,
  `location_id` int(10) NOT NULL,
  `event_name` varchar(50) NOT NULL,
  `start_date` datetime NOT NULL,
  `end_date` datetime NOT NULL,
  `event_status` int(2) NOT NULL DEFAULT '1' COMMENT '0 = tidak aktif, 1 = aktif',
  PRIMARY KEY (`event_id`),
  KEY `location_id` (`location_id`),
  CONSTRAINT `event_ibfk_1` FOREIGN KEY (`location_id`) REFERENCES `location` (`location_id`)
) ENGINE=InnoDB DEFAULT CHARSET=latin1;

INSERT INTO `event` (`event_id`, `location_id`, `event_name`, `start_date`, `end_date`, `event_status`) VALUES
(16,	10,	'BPN EVENT',	'2018-06-29 22:10:00',	'2018-07-29 20:30:00',	1),
(21,	10,	'BPN EVENT 2',	'2018-06-29 22:10:00',	'2018-06-29 20:30:00',	0);

DROP TABLE IF EXISTS `grade`;
CREATE TABLE `grade` (
  `grade_id` int(10) NOT NULL AUTO_INCREMENT,
  `grade_code` varchar(10) DEFAULT NULL,
  `grade_name` varchar(40) DEFAULT NULL,
  `trophy_table` varchar(40) DEFAULT '5 TINGKAT',
  PRIMARY KEY (`grade_id`)
) ENGINE=InnoDB DEFAULT CHARSET=latin1;

INSERT INTO `grade` (`grade_id`, `grade_code`, `grade_name`, `trophy_table`) VALUES
(1,	'A',	'1 SD',	'5 TINGKAT'),
(2,	'B',	'2 SD',	'5 TINGKAT'),
(3,	'C',	'3 SD',	'5 TINGKAT'),
(4,	'D',	'4 SD',	'5 TINGKAT'),
(5,	'E',	'5 SD',	'5 TINGKAT'),
(6,	'F',	'6 SD',	'5 TINGKAT'),
(7,	'G',	'1 SMP',	'5 TINGKAT'),
(8,	'H',	'2 SMP',	'5 TINGKAT'),
(9,	'I',	'3 SMP',	'5 TINGKAT'),
(10,	'J',	'1 SD',	'7 TINGKAT'),
(11,	'K',	'2 SD',	'7 TINGKAT'),
(12,	'L',	'3 SD',	'7 TINGKAT'),
(13,	'M',	'4 SD',	'7 TINGKAT'),
(14,	'N',	'5 SD',	'7 TINGKAT'),
(15,	'O',	'6 SD',	'7 TINGKAT'),
(16,	'P',	'1 SMP',	'7 TINGKAT'),
(17,	'Q',	'2 SMP',	'7 TINGKAT'),
(18,	'R',	'3 SMP',	'7 TINGKAT'),
(19,	'1SMA',	'1 SMA',	'5 TINGKAT'),
(20,	'2SMA',	'2 SMA',	'5 TINGKAT'),
(21,	'3SMA',	'3 SMA',	'5 TINGKAT'),
(22,	'1SMA',	'1 SMA',	'7 TINGKAT'),
(23,	'2SMA',	'2 SMA',	'7 TINGKAT'),
(24,	'3SMA',	'3 SMA',	'7 TINGKAT'),
(25,	'5TKA',	'TK A',	'5 TINGKAT'),
(26,	'5TKB',	'TK B',	'5 TINGKAT'),
(27,	'7TKA',	'TK A',	'7 TINGKAT'),
(28,	'7TKB',	'TK B',	'7 TINGKAT'),
(30,	'X',	'1 SD',	'COMPLETER'),
(31,	'X',	'2 SD',	'COMPLETER'),
(32,	'X',	'3 SD',	'COMPLETER'),
(33,	'X',	'4 SD',	'COMPLETER'),
(34,	'X',	'5 SD',	'COMPLETER'),
(35,	'X',	'6 SD',	'COMPLETER'),
(36,	'X',	'1 SMP',	'COMPLETER'),
(37,	'X',	'2 SMP',	'COMPLETER'),
(38,	'X',	'3 SMP',	'COMPLETER'),
(39,	'X',	'1 SMA',	'COMPLETER'),
(40,	'X',	'2 SMA',	'COMPLETER'),
(41,	'X',	'3 SMA',	'COMPLETER'),
(42,	'X',	'TK A',	'COMPLETER'),
(43,	'X',	'TK B',	'COMPLETER'),
(44,	'X',	'KB A',	'COMPLETER'),
(45,	'X',	'KB B',	'COMPLETER');

DROP TABLE IF EXISTS `location`;
CREATE TABLE `location` (
  `location_id` int(10) NOT NULL AUTO_INCREMENT,
  `location_name` varchar(100) NOT NULL,
  PRIMARY KEY (`location_id`),
  UNIQUE KEY `location_name` (`location_name`)
) ENGINE=InnoDB DEFAULT CHARSET=latin1;

INSERT INTO `location` (`location_id`, `location_name`) VALUES
(10,	'BALIKPAPAN'),
(11,	'MEDAN');

DROP TABLE IF EXISTS `member`;
CREATE TABLE `member` (
  `member_id` int(20) NOT NULL AUTO_INCREMENT,
  `attend_status` int(2) NOT NULL DEFAULT '0' COMMENT '0 = belum hadir, 1 = hadir',
  `event_id` int(10) NOT NULL,
  `registration_number` varchar(50) NOT NULL,
  `member_name` varchar(100) NOT NULL,
  `member_session` int(11) NOT NULL,
  `grade_id` int(10) NOT NULL,
  `type_id` int(10) NOT NULL,
  `gate_in` varchar(50) DEFAULT 'NULL',
  `seat` varchar(10) DEFAULT 'NULL',
  `get_award` varchar(50) DEFAULT 'NULL',
  `trophy_table` varchar(50) DEFAULT 'NULL',
  `center` varchar(50) DEFAULT 'NULL',
  `instructor` varchar(50) DEFAULT 'NULL',
  `plakat` varchar(50) DEFAULT 'NULL',
  `rank` int(10) DEFAULT NULL,
  `among_of` int(10) DEFAULT NULL,
  `math` varchar(20) DEFAULT 'NULL',
  `ee` varchar(20) DEFAULT 'NULL',
  `efl` varchar(20) DEFAULT 'NULL',
  `cm` varchar(20) DEFAULT 'NULL',
  `ce` varchar(20) DEFAULT 'NULL',
  `cf` varchar(20) DEFAULT 'NULL',
  `trophy_at_class` varchar(20) DEFAULT 'NULL',
  `ashr_level` varchar(20) DEFAULT 'NULL',
  `student_id` int(15) DEFAULT NULL,
  `meeting_point` varchar(15) DEFAULT 'NULL',
  PRIMARY KEY (`member_id`),
  UNIQUE KEY `seat` (`seat`),
  KEY `type_id` (`type_id`),
  KEY `event_id` (`event_id`),
  KEY `grade_id` (`grade_id`),
  CONSTRAINT `member_ibfk_3` FOREIGN KEY (`type_id`) REFERENCES `type` (`type_id`),
  CONSTRAINT `member_ibfk_4` FOREIGN KEY (`event_id`) REFERENCES `event` (`event_id`),
  CONSTRAINT `member_ibfk_5` FOREIGN KEY (`grade_id`) REFERENCES `grade` (`grade_id`)
) ENGINE=InnoDB DEFAULT CHARSET=latin1;

INSERT INTO `member` (`member_id`, `attend_status`, `event_id`, `registration_number`, `member_name`, `member_session`, `grade_id`, `type_id`, `gate_in`, `seat`, `get_award`, `trophy_table`, `center`, `instructor`, `plakat`, `rank`, `among_of`, `math`, `ee`, `efl`, `cm`, `ce`, `cf`, `trophy_at_class`, `ashr_level`, `student_id`, `meeting_point`) VALUES
(1696,	0,	16,	'LP0113',	'BRANDON KANDIJANI',	1,	26,	1,	NULL,	'5TKB 1',	'M5',	'5 TINGKAT',	'M',	'NOT AVAIL',	NULL,	141,	4213,	NULL,	NULL,	NULL,	NULL,	NULL,	NULL,	NULL,	'C',	1,	NULL),
(1697,	0,	16,	'LP0161',	'KIRANA FATHIYA RAHMA',	1,	26,	1,	NULL,	NULL,	'F5',	'5 TINGKAT',	'M',	'NOT AVAIL',	NULL,	141,	4213,	NULL,	NULL,	NULL,	NULL,	NULL,	NULL,	NULL,	'C',	2,	NULL),
(1698,	0,	16,	'LP0007',	'IWANA MANOVITO',	1,	1,	1,	NULL,	NULL,	'F5',	'5 TINGKAT',	'M',	'NOT AVAIL',	NULL,	141,	4213,	NULL,	NULL,	NULL,	NULL,	NULL,	NULL,	NULL,	'C',	3,	NULL),
(1699,	0,	16,	'LP0020',	'SHAFA SALSABILA ERISKA',	1,	1,	1,	NULL,	NULL,	'F5',	'5 TINGKAT',	'M',	'NOT AVAIL',	NULL,	141,	4213,	NULL,	NULL,	NULL,	NULL,	NULL,	NULL,	NULL,	'5',	4,	NULL),
(1700,	0,	16,	'LP0048',	'SHARON AVERINA TIARAS',	1,	1,	1,	NULL,	NULL,	'F5',	'5 TINGKAT',	'M',	'NOT AVAIL',	NULL,	141,	4213,	NULL,	NULL,	NULL,	NULL,	NULL,	NULL,	NULL,	'5',	5,	NULL),
(1701,	0,	16,	'LP0056',	'THORIQ IZZ  HIA',	1,	1,	1,	NULL,	NULL,	'F5',	'5 TINGKAT',	'M',	'NOT AVAIL',	NULL,	141,	4213,	NULL,	NULL,	NULL,	NULL,	NULL,	NULL,	NULL,	'C',	6,	NULL),
(1702,	0,	16,	'LP0073',	'TIMOTIUS OTHNIEL NATHANAEL ',	1,	1,	1,	NULL,	NULL,	'F5',	'5 TINGKAT',	'M',	'NOT AVAIL',	NULL,	141,	4213,	NULL,	NULL,	NULL,	NULL,	NULL,	NULL,	NULL,	'5',	7,	NULL),
(1703,	0,	16,	'LP0104',	'VICTORIA LIM',	1,	1,	1,	NULL,	NULL,	'M5',	'5 TINGKAT',	'M',	'NOT AVAIL',	NULL,	141,	4213,	NULL,	NULL,	NULL,	NULL,	NULL,	NULL,	NULL,	'C',	8,	NULL),
(1704,	0,	16,	'LP0130',	'IVANNA NATASHA SAPUTRA',	1,	1,	1,	NULL,	NULL,	'M5',	'5 TINGKAT',	'M',	'NOT AVAIL',	NULL,	141,	4213,	NULL,	NULL,	NULL,	NULL,	NULL,	NULL,	NULL,	'C',	9,	NULL),
(1705,	0,	16,	'LP0147',	'VERREN  JOCELYN ',	1,	1,	1,	NULL,	NULL,	'F5',	'5 TINGKAT',	'M',	'NOT AVAIL',	NULL,	141,	4213,	NULL,	NULL,	NULL,	NULL,	NULL,	NULL,	NULL,	'5',	10,	NULL),
(1706,	0,	16,	'LP0157',	'GRACIA ALEXA WIDJAJA',	1,	1,	1,	NULL,	NULL,	'F5',	'5 TINGKAT',	'M',	'NOT AVAIL',	NULL,	141,	4213,	NULL,	NULL,	NULL,	NULL,	NULL,	NULL,	NULL,	'C',	11,	NULL),
(1707,	0,	16,	'LP0003',	'LINTANG FAIRUZ  RAMADHANI ',	1,	2,	1,	NULL,	NULL,	'F5',	'5 TINGKAT',	'M',	'NOT AVAIL',	NULL,	141,	4213,	NULL,	NULL,	NULL,	NULL,	NULL,	NULL,	NULL,	'5',	12,	NULL),
(1708,	0,	16,	'LP0010',	'M. RAZZAQ REYNALDO',	1,	2,	1,	NULL,	NULL,	'F5',	'5 TINGKAT',	'M',	'NOT AVAIL',	NULL,	141,	4213,	NULL,	NULL,	NULL,	NULL,	NULL,	NULL,	NULL,	'5',	13,	NULL),
(1709,	0,	16,	'LP0017',	'ELLENA FELICIA ODETTE PASARIBU',	1,	2,	1,	NULL,	NULL,	'F5',	'5 TINGKAT',	'M',	'NOT AVAIL',	NULL,	141,	4213,	NULL,	NULL,	NULL,	NULL,	NULL,	NULL,	NULL,	'5',	14,	NULL),
(1710,	0,	16,	'LP0029',	'FADLAN HADI PUTRA',	1,	2,	1,	NULL,	NULL,	'F5',	'5 TINGKAT',	'M',	'NOT AVAIL',	NULL,	141,	4213,	NULL,	NULL,	NULL,	NULL,	NULL,	NULL,	NULL,	'5',	15,	NULL),
(1711,	0,	16,	'LP0031',	'M. FIRHAN GHANI PURWONO',	1,	2,	1,	NULL,	NULL,	'M5',	'5 TINGKAT',	'M',	'NOT AVAIL',	NULL,	141,	4213,	NULL,	NULL,	NULL,	NULL,	NULL,	NULL,	NULL,	'5',	16,	NULL),
(1712,	0,	16,	'LP0036',	'CHRISTIAN ELBERTH',	1,	2,	1,	NULL,	NULL,	'F5',	'5 TINGKAT',	'M',	'NOT AVAIL',	NULL,	141,	4213,	NULL,	NULL,	NULL,	NULL,	NULL,	NULL,	NULL,	'5',	17,	NULL),
(1713,	1,	16,	'LP0038',	'ADNAN KAUTSAR',	1,	2,	1,	NULL,	'B 1',	'F5',	'5 TINGKAT',	'M',	'NOT AVAIL',	NULL,	141,	4213,	NULL,	NULL,	NULL,	NULL,	NULL,	NULL,	NULL,	'5',	18,	NULL),
(1714,	0,	16,	'LP0050',	'QUEENA AISHA PEARLYARADJA',	1,	2,	1,	NULL,	NULL,	'F5',	'5 TINGKAT',	'M',	'NOT AVAIL',	NULL,	141,	4213,	NULL,	NULL,	NULL,	NULL,	NULL,	NULL,	NULL,	'5',	19,	NULL),
(1715,	0,	16,	'LP0051',	'KAMIL PERTAMA WENDY',	1,	2,	1,	NULL,	NULL,	'F5',	'5 TINGKAT',	'M',	'NOT AVAIL',	NULL,	141,	4213,	NULL,	NULL,	NULL,	NULL,	NULL,	NULL,	NULL,	'5',	20,	NULL),
(1716,	0,	16,	'LP0053',	'ALMIRA ARDHIONA ANANTA',	1,	2,	1,	NULL,	NULL,	'F5',	'5 TINGKAT',	'M',	'NOT AVAIL',	NULL,	141,	4213,	NULL,	NULL,	NULL,	NULL,	NULL,	NULL,	NULL,	'5',	21,	NULL),
(1717,	0,	16,	'LP0054',	'RIZKY KHAIRI ANDIRAZALI',	1,	2,	1,	NULL,	NULL,	'F5',	'5 TINGKAT',	'M',	'NOT AVAIL',	NULL,	141,	4213,	NULL,	NULL,	NULL,	NULL,	NULL,	NULL,	NULL,	'5',	22,	NULL),
(1718,	0,	16,	'LP0092',	'DAMIAN C. SAJOGO',	1,	2,	1,	NULL,	NULL,	'M5',	'5 TINGKAT',	'M',	'NOT AVAIL',	NULL,	141,	4213,	NULL,	NULL,	NULL,	NULL,	NULL,	NULL,	NULL,	'5',	23,	NULL),
(1719,	0,	16,	'LP0105',	'CEDRIC CHIA',	1,	2,	1,	NULL,	NULL,	'M5',	'5 TINGKAT',	'M',	'NOT AVAIL',	NULL,	141,	4213,	NULL,	NULL,	NULL,	NULL,	NULL,	NULL,	NULL,	'5',	24,	NULL),
(1720,	0,	16,	'LP0106',	'ANINDYA NAYLA FAUZIYYAH',	1,	2,	1,	NULL,	NULL,	'M5/F5',	'5 TINGKAT',	'M',	'NOT AVAIL',	NULL,	141,	4213,	NULL,	NULL,	NULL,	NULL,	NULL,	NULL,	NULL,	'5',	25,	NULL),
(1721,	0,	16,	'LP0110',	'MAGENRIVER E. SASELAH',	1,	2,	1,	NULL,	NULL,	'M5',	'5 TINGKAT',	'M',	'NOT AVAIL',	NULL,	141,	4213,	NULL,	NULL,	NULL,	NULL,	NULL,	NULL,	NULL,	'C',	26,	NULL),
(1722,	0,	16,	'LP0111',	'RAFAEL WIRANATA GUNAWAN',	1,	2,	1,	NULL,	NULL,	'M5',	'5 TINGKAT',	'M',	'NOT AVAIL',	NULL,	141,	4213,	NULL,	NULL,	NULL,	NULL,	NULL,	NULL,	NULL,	'C',	27,	NULL),
(1723,	0,	16,	'LP0116',	'ZAKI FAISHAL FAHD',	1,	2,	1,	NULL,	NULL,	'M5',	'5 TINGKAT',	'M',	'NOT AVAIL',	NULL,	141,	4213,	NULL,	NULL,	NULL,	NULL,	NULL,	NULL,	NULL,	'5',	28,	NULL),
(1724,	0,	16,	'LP0118',	'KENZO FABIO SUSANTO',	1,	2,	1,	NULL,	NULL,	'M5',	'5 TINGKAT',	'M',	'NOT AVAIL',	NULL,	141,	4213,	NULL,	NULL,	NULL,	NULL,	NULL,	NULL,	NULL,	'5',	29,	NULL),
(1725,	0,	16,	'LP0132',	'ARYA PUTRA KUSNADI',	1,	2,	1,	NULL,	NULL,	'M5/F5',	'5 TINGKAT',	'M',	'NOT AVAIL',	NULL,	141,	4213,	NULL,	NULL,	NULL,	NULL,	NULL,	NULL,	NULL,	'5',	30,	NULL),
(1726,	0,	16,	'LP0139',	'SAFIRA KUSUMA',	1,	2,	1,	NULL,	NULL,	'F5',	'5 TINGKAT',	'M',	'NOT AVAIL',	NULL,	141,	4213,	NULL,	NULL,	NULL,	NULL,	NULL,	NULL,	NULL,	'5',	31,	NULL),
(1727,	0,	16,	'LP0142',	'NADINE CHLARYSA TAMARIA SILALAHI',	1,	2,	1,	NULL,	NULL,	'F5',	'5 TINGKAT',	'M',	'NOT AVAIL',	NULL,	141,	4213,	NULL,	NULL,	NULL,	NULL,	NULL,	NULL,	NULL,	'C',	32,	NULL),
(1728,	0,	16,	'LP0143',	'VONDRA CALLISTA KORES',	1,	2,	1,	NULL,	NULL,	'F5',	'5 TINGKAT',	'M',	'NOT AVAIL',	NULL,	141,	4213,	NULL,	NULL,	NULL,	NULL,	NULL,	NULL,	NULL,	'C',	33,	NULL),
(1729,	0,	16,	'LP0149',	'FEDERICA STANIA',	1,	2,	1,	NULL,	NULL,	'F5',	'5 TINGKAT',	'M',	'NOT AVAIL',	NULL,	141,	4213,	NULL,	NULL,	NULL,	NULL,	NULL,	NULL,	NULL,	'5',	34,	NULL),
(1730,	0,	16,	'LP0156',	'M. FADHAEL IZZIL HAQ',	1,	2,	1,	NULL,	NULL,	'M5',	'5 TINGKAT',	'M',	'NOT AVAIL',	NULL,	141,	4213,	NULL,	NULL,	NULL,	NULL,	NULL,	NULL,	NULL,	'5',	35,	NULL),
(1731,	0,	16,	'LP0181',	'NABILA HASNA JUNEETA',	1,	2,	1,	NULL,	NULL,	'F5',	'5 TINGKAT',	'M',	'NOT AVAIL',	NULL,	141,	4213,	NULL,	NULL,	NULL,	NULL,	NULL,	NULL,	NULL,	'5',	36,	NULL),
(1732,	0,	16,	'LP0185',	'KIARA ANELA HUSNA',	1,	2,	1,	NULL,	NULL,	'F5',	'5 TINGKAT',	'M',	'NOT AVAIL',	NULL,	141,	4213,	NULL,	NULL,	NULL,	NULL,	NULL,	NULL,	NULL,	'C',	37,	NULL),
(1733,	0,	16,	'LP0008',	'N. GIZA HITA CHAERANI',	1,	3,	1,	NULL,	NULL,	'F5',	'5 TINGKAT',	'M',	'NOT AVAIL',	NULL,	141,	4213,	NULL,	NULL,	NULL,	NULL,	NULL,	NULL,	NULL,	'5',	38,	NULL),
(1734,	0,	16,	'LP0018',	'AUFARANI MULIA AZZAHRA',	1,	3,	1,	NULL,	NULL,	'F5',	'5 TINGKAT',	'M',	'NOT AVAIL',	NULL,	141,	4213,	NULL,	NULL,	NULL,	NULL,	NULL,	NULL,	NULL,	'5',	39,	NULL),
(1735,	0,	16,	'LP0021',	'BAGUS WIDI A.',	1,	3,	1,	NULL,	NULL,	'F5',	'5 TINGKAT',	'M',	'NOT AVAIL',	NULL,	141,	4213,	NULL,	NULL,	NULL,	NULL,	NULL,	NULL,	NULL,	'5',	40,	NULL),
(1736,	0,	16,	'LP0032',	'SYIFA SALSABILA HATA',	1,	3,	1,	NULL,	NULL,	'F5',	'5 TINGKAT',	'M',	'NOT AVAIL',	NULL,	141,	4213,	NULL,	NULL,	NULL,	NULL,	NULL,	NULL,	NULL,	'5',	41,	NULL),
(1737,	0,	16,	'LP0033',	'DIMAS BUDI WICAKSONO',	1,	3,	1,	NULL,	NULL,	'M5',	'5 TINGKAT',	'M',	'NOT AVAIL',	NULL,	141,	4213,	NULL,	NULL,	NULL,	NULL,	NULL,	NULL,	NULL,	'5',	42,	NULL),
(1738,	0,	16,	'LP0034',	'MAULUDINA HANUN MU`AFI',	1,	3,	1,	NULL,	NULL,	'F5',	'5 TINGKAT',	'M',	'NOT AVAIL',	NULL,	141,	4213,	NULL,	NULL,	NULL,	NULL,	NULL,	NULL,	NULL,	'5',	43,	NULL),
(1739,	0,	16,	'LP0037',	'SALMA SYAKIRA AZZAHRA',	1,	3,	1,	NULL,	NULL,	'F5',	'5 TINGKAT',	'M',	'NOT AVAIL',	NULL,	141,	4213,	NULL,	NULL,	NULL,	NULL,	NULL,	NULL,	NULL,	'5',	44,	NULL),
(1740,	0,	16,	'LP0039',	'NI PUTU AYU WIDIA MAHARANI',	1,	3,	1,	NULL,	NULL,	'F5',	'5 TINGKAT',	'M',	'NOT AVAIL',	NULL,	141,	4213,	NULL,	NULL,	NULL,	NULL,	NULL,	NULL,	NULL,	'5',	45,	NULL),
(1741,	0,	16,	'LP0040',	'SALIVIAN FAHRIZKI K.',	1,	3,	1,	NULL,	NULL,	'F5',	'5 TINGKAT',	'M',	'NOT AVAIL',	NULL,	141,	4213,	NULL,	NULL,	NULL,	NULL,	NULL,	NULL,	NULL,	'5',	46,	NULL),
(1742,	0,	16,	'LP0067',	'M. DZUNNUN ILYAS',	1,	3,	1,	NULL,	NULL,	'M5',	'5 TINGKAT',	'M',	'NOT AVAIL',	NULL,	141,	4213,	NULL,	NULL,	NULL,	NULL,	NULL,	NULL,	NULL,	'C',	47,	NULL),
(1743,	0,	16,	'LP0069',	'M. AGUS FAUZAN BULFIAH',	1,	3,	1,	NULL,	NULL,	'F5',	'5 TINGKAT',	'M',	'NOT AVAIL',	NULL,	141,	4213,	NULL,	NULL,	NULL,	NULL,	NULL,	NULL,	NULL,	'C',	48,	NULL),
(1744,	0,	16,	'LP0093',	'CLARISSA BELLA KUSUMA',	1,	3,	1,	NULL,	NULL,	'M5',	'5 TINGKAT',	'M',	'NOT AVAIL',	NULL,	141,	4213,	NULL,	NULL,	NULL,	NULL,	NULL,	NULL,	NULL,	'5',	49,	NULL),
(1745,	0,	16,	'LP0107',	'RAFAEL EDRIC JAYA',	1,	3,	1,	NULL,	NULL,	'M5',	'5 TINGKAT',	'M',	'NOT AVAIL',	NULL,	141,	4213,	NULL,	NULL,	NULL,	NULL,	NULL,	NULL,	NULL,	'5',	50,	NULL),
(1746,	0,	16,	'LP0112',	'RAFAELA AIMEE',	1,	3,	1,	NULL,	NULL,	'M5',	'5 TINGKAT',	'M',	'NOT AVAIL',	NULL,	141,	4213,	NULL,	NULL,	NULL,	NULL,	NULL,	NULL,	NULL,	'5',	51,	NULL),
(1747,	0,	16,	'LP0125',	'M. ARIEF ICHSAN',	1,	3,	1,	NULL,	NULL,	'F5',	'5 TINGKAT',	'M',	'NOT AVAIL',	NULL,	141,	4213,	NULL,	NULL,	NULL,	NULL,	NULL,	NULL,	NULL,	'C',	52,	NULL),
(1748,	0,	16,	'LP0126',	'VERDEN DANIEL WIJAYA',	1,	3,	1,	NULL,	NULL,	'M5',	'5 TINGKAT',	'M',	'NOT AVAIL',	NULL,	141,	4213,	NULL,	NULL,	NULL,	NULL,	NULL,	NULL,	NULL,	'C',	53,	NULL),
(1749,	1,	16,	'LP0129',	'ABRAM YOSUA',	1,	3,	1,	NULL,	'C 1',	'M5',	'5 TINGKAT',	'M',	'NOT AVAIL',	NULL,	141,	4213,	NULL,	NULL,	NULL,	NULL,	NULL,	NULL,	NULL,	'5',	54,	NULL),
(1750,	0,	16,	'LP0135',	'NAILA SITI AL KAUTSAR',	1,	3,	1,	NULL,	NULL,	'F5',	'5 TINGKAT',	'M',	'NOT AVAIL',	NULL,	141,	4213,	NULL,	NULL,	NULL,	NULL,	NULL,	NULL,	NULL,	'C',	55,	NULL),
(1751,	0,	16,	'LP0146',	'R. A. MAHARDIKA P.',	1,	3,	1,	NULL,	NULL,	'F5',	'5 TINGKAT',	'M',	'NOT AVAIL',	NULL,	141,	4213,	NULL,	NULL,	NULL,	NULL,	NULL,	NULL,	NULL,	'C',	56,	NULL),
(1752,	0,	16,	'LP0150',	'ELVIN ROSADI',	1,	3,	1,	NULL,	NULL,	'M5',	'5 TINGKAT',	'M',	'NOT AVAIL',	NULL,	141,	4213,	NULL,	NULL,	NULL,	NULL,	NULL,	NULL,	NULL,	'5',	57,	NULL),
(1753,	0,	16,	'LP0163',	'KADITA KINANTI MANGUNDANA',	1,	3,	1,	NULL,	NULL,	'F5',	'5 TINGKAT',	'M',	'NOT AVAIL',	NULL,	141,	4213,	NULL,	NULL,	NULL,	NULL,	NULL,	NULL,	NULL,	'5',	58,	NULL),
(1754,	0,	16,	'LP0164',	'MAHADEWI ARTHA KUSUMA SARASVATI',	1,	3,	1,	NULL,	NULL,	'F5',	'5 TINGKAT',	'M',	'NOT AVAIL',	NULL,	141,	4213,	NULL,	NULL,	NULL,	NULL,	NULL,	NULL,	NULL,	'5',	59,	NULL),
(1755,	0,	16,	'LP0168',	'SYDNEY KIRANI HANDOKO PUTRI',	1,	3,	1,	NULL,	NULL,	'F5',	'5 TINGKAT',	'M',	'NOT AVAIL',	NULL,	141,	4213,	NULL,	NULL,	NULL,	NULL,	NULL,	NULL,	NULL,	'C',	60,	NULL),
(1756,	0,	16,	'LP0177',	'ARRAHMAH AZIZAH',	1,	3,	1,	NULL,	NULL,	'F5',	'5 TINGKAT',	'M',	'NOT AVAIL',	NULL,	141,	4213,	NULL,	NULL,	NULL,	NULL,	NULL,	NULL,	NULL,	'5',	61,	NULL),
(1757,	0,	16,	'LP0179',	'KHAIRUNNISA AYU AL BARI',	1,	3,	1,	NULL,	NULL,	'M5',	'5 TINGKAT',	'M',	'NOT AVAIL',	NULL,	141,	4213,	NULL,	NULL,	NULL,	NULL,	NULL,	NULL,	NULL,	'5',	62,	NULL),
(1758,	0,	16,	'LP0191',	'NAZLA LABIQA KHABELIZA',	1,	3,	1,	NULL,	NULL,	'F5',	'5 TINGKAT',	'M',	'NOT AVAIL',	NULL,	141,	4213,	NULL,	NULL,	NULL,	NULL,	NULL,	NULL,	NULL,	'5',	63,	NULL),
(1759,	0,	16,	'LP0133',	'CLARA ELISA PUTRI',	1,	3,	1,	NULL,	NULL,	'F5',	'5 TINGKAT',	'M',	'NOT AVAIL',	NULL,	141,	4213,	NULL,	NULL,	NULL,	NULL,	NULL,	NULL,	NULL,	'C',	64,	NULL),
(1760,	0,	16,	'LP0012',	'AZKIYA AINI PUTRI',	1,	4,	1,	NULL,	NULL,	'F5',	'5 TINGKAT',	'M',	'NOT AVAIL',	NULL,	141,	4213,	NULL,	NULL,	NULL,	NULL,	NULL,	NULL,	NULL,	'C',	65,	NULL),
(1761,	0,	16,	'LP0019',	'GWEN VIOLETA K',	1,	4,	1,	NULL,	NULL,	'F5',	'5 TINGKAT',	'M',	'NOT AVAIL',	NULL,	141,	4213,	NULL,	NULL,	NULL,	NULL,	NULL,	NULL,	NULL,	'C',	66,	NULL),
(1762,	0,	16,	'LP0042',	'SEVIRA NIKITA AYU',	1,	4,	1,	NULL,	NULL,	'F5',	'5 TINGKAT',	'M',	'NOT AVAIL',	NULL,	141,	4213,	NULL,	NULL,	NULL,	NULL,	NULL,	NULL,	NULL,	'C',	67,	NULL),
(1763,	0,	16,	'LP0049',	'JOVIENA ALYA SINATRA',	1,	4,	1,	NULL,	NULL,	'F5',	'5 TINGKAT',	'M',	'NOT AVAIL',	NULL,	141,	4213,	NULL,	NULL,	NULL,	NULL,	NULL,	NULL,	NULL,	'C',	68,	NULL),
(1764,	0,	16,	'LP0052',	'AMRU KHOIRU MSP.',	1,	4,	1,	NULL,	NULL,	'F5',	'5 TINGKAT',	'M',	'NOT AVAIL',	NULL,	141,	4213,	NULL,	NULL,	NULL,	NULL,	NULL,	NULL,	NULL,	'5',	69,	NULL),
(1765,	0,	16,	'LP0065',	'SALWA LUTFIA SAFFANAH',	1,	4,	1,	NULL,	NULL,	'M5',	'5 TINGKAT',	'M',	'NOT AVAIL',	NULL,	141,	4213,	NULL,	NULL,	NULL,	NULL,	NULL,	NULL,	NULL,	'C',	70,	NULL),
(1766,	0,	16,	'LP0088',	'BERVIN FEODERICK S.',	1,	4,	1,	NULL,	NULL,	'M5',	'5 TINGKAT',	'M',	'NOT AVAIL',	NULL,	141,	4213,	NULL,	NULL,	NULL,	NULL,	NULL,	NULL,	NULL,	'5',	71,	NULL),
(1767,	0,	16,	'LP0101',	'CHRISTIAN DARREN LIM',	1,	4,	1,	NULL,	NULL,	'M5',	'5 TINGKAT',	'M',	'NOT AVAIL',	NULL,	141,	4213,	NULL,	NULL,	NULL,	NULL,	NULL,	NULL,	NULL,	'5',	72,	NULL),
(1768,	0,	16,	'LP0108',	'GRACE AILEEN SANTOSO',	1,	4,	1,	NULL,	NULL,	'M5',	'5 TINGKAT',	'M',	'NOT AVAIL',	NULL,	141,	4213,	NULL,	NULL,	NULL,	NULL,	NULL,	NULL,	NULL,	'5',	73,	NULL),
(1769,	0,	16,	'LP0120',	'M. HAFIZH PUTRA FIANSYAH',	1,	4,	1,	NULL,	NULL,	'M5',	'5 TINGKAT',	'M',	'NOT AVAIL',	NULL,	141,	4213,	NULL,	NULL,	NULL,	NULL,	NULL,	NULL,	NULL,	'5',	74,	NULL),
(1770,	0,	16,	'LP0154',	'MUHAMMAD GADING AL FARISH',	1,	4,	1,	NULL,	NULL,	'M5',	'5 TINGKAT',	'M',	'NOT AVAIL',	NULL,	141,	4213,	NULL,	NULL,	NULL,	NULL,	NULL,	NULL,	NULL,	'C',	75,	NULL),
(1771,	0,	16,	'LP0175',	'RIZKI NUR HIDAYAH',	1,	4,	1,	NULL,	NULL,	'F5',	'5 TINGKAT',	'M',	'NOT AVAIL',	NULL,	141,	4213,	NULL,	NULL,	NULL,	NULL,	NULL,	NULL,	NULL,	'5',	76,	NULL),
(1772,	0,	16,	'LP0189',	'M. SYAIFULLAH YUDISTRA',	1,	4,	1,	NULL,	NULL,	'F5',	'5 TINGKAT',	'M',	'NOT AVAIL',	NULL,	141,	4213,	NULL,	NULL,	NULL,	NULL,	NULL,	NULL,	NULL,	'5',	77,	NULL),
(1773,	0,	16,	'LP0192',	'JASMINE SYIFA FAUDA',	1,	4,	1,	NULL,	NULL,	'F5',	'5 TINGKAT',	'M',	'NOT AVAIL',	NULL,	141,	4213,	NULL,	NULL,	NULL,	NULL,	NULL,	NULL,	NULL,	'5',	78,	NULL),
(1774,	0,	16,	'LP0013',	'ADELIA CAHYA LARASATI',	1,	5,	1,	NULL,	NULL,	'F5',	'5 TINGKAT',	'M',	'NOT AVAIL',	NULL,	141,	4213,	NULL,	NULL,	NULL,	NULL,	NULL,	NULL,	NULL,	'5',	79,	NULL),
(1775,	0,	16,	'LP0014',	'DAFFA INSAN KAMIL',	1,	5,	1,	NULL,	NULL,	'F5',	'5 TINGKAT',	'M',	'NOT AVAIL',	NULL,	141,	4213,	NULL,	NULL,	NULL,	NULL,	NULL,	NULL,	NULL,	'5',	80,	NULL),
(1776,	0,	16,	'LP0027',	'AAISY RAIHANI',	1,	5,	1,	NULL,	NULL,	'F5',	'5 TINGKAT',	'M',	'NOT AVAIL',	NULL,	141,	4213,	NULL,	NULL,	NULL,	NULL,	NULL,	NULL,	NULL,	'C',	81,	NULL),
(1777,	0,	16,	'LP0028',	'NINDYA RESKA PUTRI',	1,	5,	1,	NULL,	NULL,	'F5',	'5 TINGKAT',	'M',	'NOT AVAIL',	NULL,	141,	4213,	NULL,	NULL,	NULL,	NULL,	NULL,	NULL,	NULL,	'5',	82,	NULL),
(1778,	0,	16,	'LP0041',	'CHESYA MARGARETHA DETO',	1,	5,	1,	NULL,	NULL,	'F5',	'5 TINGKAT',	'M',	'NOT AVAIL',	NULL,	141,	4213,	NULL,	NULL,	NULL,	NULL,	NULL,	NULL,	NULL,	'5',	83,	NULL),
(1779,	0,	16,	'LP0140',	'M. AL FALLAH HASAN',	1,	5,	1,	NULL,	NULL,	'F5',	'5 TINGKAT',	'M',	'NOT AVAIL',	NULL,	141,	4213,	NULL,	NULL,	NULL,	NULL,	NULL,	NULL,	NULL,	'5',	84,	NULL),
(1780,	0,	16,	'LP0145',	'M. JODIE SISWAATMADJA',	1,	5,	1,	NULL,	NULL,	'F5',	'5 TINGKAT',	'M',	'NOT AVAIL',	NULL,	141,	4213,	NULL,	NULL,	NULL,	NULL,	NULL,	NULL,	NULL,	'C',	85,	NULL),
(1781,	0,	16,	'LP0162',	'CINTA ADHYAKSA PUTRI',	1,	5,	1,	NULL,	NULL,	'F5',	'5 TINGKAT',	'M',	'NOT AVAIL',	NULL,	141,	4213,	NULL,	NULL,	NULL,	NULL,	NULL,	NULL,	NULL,	'C',	86,	NULL),
(1782,	0,	16,	'LP0165',	'MAELOVA RETNAMAYA SARASVATI',	1,	5,	1,	NULL,	NULL,	'F5',	'5 TINGKAT',	'M',	'NOT AVAIL',	NULL,	141,	4213,	NULL,	NULL,	NULL,	NULL,	NULL,	NULL,	NULL,	'5',	87,	NULL),
(1783,	0,	16,	'LP0178',	'M. ARNANDO ALFAARIS',	1,	5,	1,	NULL,	NULL,	'F5',	'5 TINGKAT',	'M',	'NOT AVAIL',	NULL,	141,	4213,	NULL,	NULL,	NULL,	NULL,	NULL,	NULL,	NULL,	'5',	88,	NULL),
(1784,	0,	16,	'LP0180',	'M. FARIZ ARYA WIBISONO',	1,	5,	1,	NULL,	NULL,	'M5',	'5 TINGKAT',	'M',	'NOT AVAIL',	NULL,	141,	4213,	NULL,	NULL,	NULL,	NULL,	NULL,	NULL,	NULL,	'C',	89,	NULL),
(1785,	0,	16,	'LP0187',	'ANIISAH IHTISYAM SALSABILA',	1,	5,	1,	NULL,	NULL,	'F5',	'5 TINGKAT',	'M',	'NOT AVAIL',	NULL,	141,	4213,	NULL,	NULL,	NULL,	NULL,	NULL,	NULL,	NULL,	'C',	90,	NULL),
(1786,	0,	16,	'LP0134',	'MUHAMMAD RIDHO',	1,	5,	1,	NULL,	NULL,	'F5',	'5 TINGKAT',	'M',	'NOT AVAIL',	NULL,	141,	4213,	NULL,	NULL,	NULL,	NULL,	NULL,	NULL,	NULL,	'5',	91,	NULL),
(1787,	0,	16,	'LP0062',	'NABILA GHINA AZZAHRA',	1,	6,	1,	NULL,	NULL,	'M5',	'5 TINGKAT',	'M',	'NOT AVAIL',	NULL,	141,	4213,	NULL,	NULL,	NULL,	NULL,	NULL,	NULL,	NULL,	'5',	92,	NULL),
(1788,	0,	16,	'LP0070',	'KHANIA SEPTAVIONI BR. BANGUN',	1,	6,	1,	NULL,	NULL,	'F5',	'5 TINGKAT',	'M',	'NOT AVAIL',	NULL,	141,	4213,	NULL,	NULL,	NULL,	NULL,	NULL,	NULL,	NULL,	'5',	93,	NULL),
(1789,	0,	16,	'LP0071',	'RADIN GHINA AISIYA S.',	1,	6,	1,	NULL,	NULL,	'F5',	'5 TINGKAT',	'M',	'NOT AVAIL',	NULL,	141,	4213,	NULL,	NULL,	NULL,	NULL,	NULL,	NULL,	NULL,	'5',	94,	NULL),
(1790,	0,	16,	'LP0074',	'SAVERO LUKIANTO  CHANDRA ',	1,	6,	1,	NULL,	NULL,	'M5',	'5 TINGKAT',	'M',	'NOT AVAIL',	NULL,	141,	4213,	NULL,	NULL,	NULL,	NULL,	NULL,	NULL,	NULL,	'5',	95,	NULL),
(1791,	0,	16,	'LP0160',	'NAILA NASYWABANA',	1,	6,	1,	NULL,	NULL,	'F5',	'5 TINGKAT',	'M',	'NOT AVAIL',	NULL,	141,	4213,	NULL,	NULL,	NULL,	NULL,	NULL,	NULL,	NULL,	'5',	96,	NULL),
(1792,	0,	16,	'LP0172',	'ALIFA DIFA YUSMUTIA',	1,	6,	1,	NULL,	NULL,	'M5',	'5 TINGKAT',	'M',	'NOT AVAIL',	NULL,	141,	4213,	NULL,	NULL,	NULL,	NULL,	NULL,	NULL,	NULL,	'5',	97,	NULL),
(1793,	1,	16,	'LP0082',	'AFNAN HADYAN ADYATMA',	1,	7,	1,	NULL,	'G 1',	'M5',	'5 TINGKAT',	'M',	'NOT AVAIL',	NULL,	141,	4213,	NULL,	NULL,	NULL,	NULL,	NULL,	NULL,	NULL,	'5',	98,	NULL),
(1794,	0,	16,	'LP0083',	'NAYLA VALINKA ALMIRA',	1,	7,	1,	NULL,	NULL,	'M5',	'5 TINGKAT',	'M',	'NOT AVAIL',	NULL,	141,	4213,	NULL,	NULL,	NULL,	NULL,	NULL,	NULL,	NULL,	'5',	99,	NULL),
(1795,	0,	16,	'LP0095',	'M. QINTHARA SHAFA P. S.',	1,	7,	1,	NULL,	NULL,	'M5',	'5 TINGKAT',	'M',	'NOT AVAIL',	NULL,	141,	4213,	NULL,	NULL,	NULL,	NULL,	NULL,	NULL,	NULL,	'5',	100,	NULL),
(1796,	0,	16,	'LP0096',	'CALLISTA NADHIFA P.S',	1,	7,	1,	NULL,	NULL,	'M5',	'5 TINGKAT',	'M',	'NOT AVAIL',	NULL,	141,	4213,	NULL,	NULL,	NULL,	NULL,	NULL,	NULL,	NULL,	'5',	101,	NULL),
(1797,	0,	16,	'LP0103',	'VERREN CALISTA HALIM',	1,	7,	1,	NULL,	NULL,	'M5',	'5 TINGKAT',	'M',	'NOT AVAIL',	NULL,	141,	4213,	NULL,	NULL,	NULL,	NULL,	NULL,	NULL,	NULL,	'C',	102,	NULL),
(1798,	0,	16,	'LP0009',	'PAULO VICTORY PUTRAWARDANIK',	1,	8,	1,	NULL,	NULL,	'F5',	'5 TINGKAT',	'M',	'NOT AVAIL',	NULL,	141,	4213,	NULL,	NULL,	NULL,	NULL,	NULL,	NULL,	NULL,	'C',	103,	NULL),
(1799,	0,	16,	'LP0072',	'RADIN GHEFIRA NAURA S.',	1,	8,	1,	NULL,	NULL,	'F5',	'5 TINGKAT',	'M',	'NOT AVAIL',	NULL,	141,	4213,	NULL,	NULL,	NULL,	NULL,	NULL,	NULL,	NULL,	'C',	104,	NULL),
(1800,	0,	16,	'LP0099',	'M. FERIA PUTRA',	1,	8,	1,	NULL,	NULL,	'F5',	'5 TINGKAT',	'M',	'NOT AVAIL',	NULL,	141,	4213,	NULL,	NULL,	NULL,	NULL,	NULL,	NULL,	NULL,	'C',	105,	NULL),
(1801,	0,	16,	'LP0138',	'MUHAMMAD DAFFA KUSNADI',	1,	8,	1,	NULL,	NULL,	'F5',	'5 TINGKAT',	'M',	'NOT AVAIL',	NULL,	141,	4213,	NULL,	NULL,	NULL,	NULL,	NULL,	NULL,	NULL,	'C',	106,	NULL),
(1802,	0,	16,	'LP0144',	'FARHAN FAWWAZ AHNAFI',	1,	8,	1,	NULL,	NULL,	'F5',	'5 TINGKAT',	'M',	'NOT AVAIL',	NULL,	141,	4213,	NULL,	NULL,	NULL,	NULL,	NULL,	NULL,	NULL,	'C',	107,	NULL),
(1803,	0,	16,	'LP0190',	'TIARA PUTRI RAMADHANI',	1,	8,	1,	NULL,	NULL,	'M5',	'5 TINGKAT',	'M',	'NOT AVAIL',	NULL,	141,	4213,	NULL,	NULL,	NULL,	NULL,	NULL,	NULL,	NULL,	'C',	108,	NULL),
(1804,	0,	16,	'LP0024',	'VIERRA ALEXANDER',	1,	28,	1,	NULL,	NULL,	'F7',	'7 TINGKAT',	'M',	'NOT AVAIL',	NULL,	141,	4213,	NULL,	NULL,	NULL,	NULL,	NULL,	NULL,	NULL,	'C',	109,	NULL),
(1805,	0,	16,	'LP0155',	'MICHAEL MAGICA ANG',	1,	28,	1,	NULL,	NULL,	'M7/F7',	'7 TINGKAT',	'M',	'NOT AVAIL',	NULL,	141,	4213,	NULL,	NULL,	NULL,	NULL,	NULL,	NULL,	NULL,	'C',	110,	NULL),
(1806,	0,	16,	'LP0001',	'KENZIE ZAKIA AZZAHRA HERPUTRI',	1,	10,	1,	NULL,	NULL,	'F7',	'7 TINGKAT',	'M',	'NOT AVAIL',	NULL,	141,	4213,	NULL,	NULL,	NULL,	NULL,	NULL,	NULL,	NULL,	'C',	111,	NULL),
(1807,	0,	16,	'LP0011',	'AZKA ANINDITA QUROTA AINI',	1,	11,	1,	NULL,	NULL,	'F7',	'7 TINGKAT',	'M',	'NOT AVAIL',	NULL,	141,	4213,	NULL,	NULL,	NULL,	NULL,	NULL,	NULL,	NULL,	'C',	112,	NULL),
(1808,	0,	16,	'LP0030',	'J. JESSLYN SOERJANTO',	1,	11,	1,	NULL,	NULL,	'F7',	'7 TINGKAT',	'M',	'NOT AVAIL',	NULL,	141,	4213,	NULL,	NULL,	NULL,	NULL,	NULL,	NULL,	NULL,	'C',	113,	NULL),
(1809,	0,	16,	'LP0076',	'BRYAN WU',	1,	11,	1,	NULL,	NULL,	'M7',	'7 TINGKAT',	'M',	'NOT AVAIL',	NULL,	141,	4213,	NULL,	NULL,	NULL,	NULL,	NULL,	NULL,	NULL,	'5',	114,	NULL),
(1810,	0,	16,	'LP0097',	'CHRISTHANIA F. D.',	1,	11,	1,	NULL,	NULL,	'M7',	'7 TINGKAT',	'M',	'NOT AVAIL',	NULL,	141,	4213,	NULL,	NULL,	NULL,	NULL,	NULL,	NULL,	NULL,	'C',	115,	NULL),
(1811,	0,	16,	'LP0117',	'NADISA ASHAKIENA',	1,	11,	1,	NULL,	NULL,	'M5/F7',	'7 TINGKAT',	'M',	'NOT AVAIL',	NULL,	141,	4213,	NULL,	NULL,	NULL,	NULL,	NULL,	NULL,	NULL,	'5',	116,	NULL),
(1812,	1,	16,	'LP0131',	'ADHITYA FUAD AL BAQI',	1,	11,	1,	NULL,	'K 1',	'M5/F7',	'7 TINGKAT',	'M',	'NOT AVAIL',	NULL,	141,	4213,	NULL,	NULL,	NULL,	NULL,	NULL,	NULL,	NULL,	'C',	117,	NULL),
(1813,	0,	16,	'LP0158',	'TETTY ONGGO',	1,	11,	1,	NULL,	NULL,	'F7',	'7 TINGKAT',	'M',	'NOT AVAIL',	NULL,	141,	4213,	NULL,	NULL,	NULL,	NULL,	NULL,	NULL,	NULL,	'5',	118,	NULL),
(1814,	0,	16,	'LP0184',	'TSABITAH ',	1,	11,	1,	NULL,	NULL,	'F7',	'7 TINGKAT',	'M',	'NOT AVAIL',	NULL,	141,	4213,	NULL,	NULL,	NULL,	NULL,	NULL,	NULL,	NULL,	'5',	119,	NULL),
(1815,	0,	16,	'LP0002',	'DARREL VALLERINO SETIAWAN',	1,	12,	1,	NULL,	NULL,	'F7',	'7 TINGKAT',	'M',	'NOT AVAIL',	NULL,	141,	4213,	NULL,	NULL,	NULL,	NULL,	NULL,	NULL,	NULL,	'5',	120,	NULL),
(1816,	0,	16,	'LP0004',	'MATAHATI FAIRIDAEZA',	1,	12,	1,	NULL,	NULL,	'F7',	'7 TINGKAT',	'M',	'NOT AVAIL',	NULL,	141,	4213,	NULL,	NULL,	NULL,	NULL,	NULL,	NULL,	NULL,	'5',	121,	NULL),
(1817,	0,	16,	'LP0025',	'ANGELYNNE ',	1,	12,	1,	NULL,	NULL,	'F7',	'7 TINGKAT',	'M',	'NOT AVAIL',	NULL,	141,	4213,	NULL,	NULL,	NULL,	NULL,	NULL,	NULL,	NULL,	'5',	122,	NULL),
(1818,	0,	16,	'LP0075',	'CLARENSSA CAVALLERA',	1,	12,	1,	NULL,	NULL,	'F7',	'7 TINGKAT',	'M',	'NOT AVAIL',	NULL,	141,	4213,	NULL,	NULL,	NULL,	NULL,	NULL,	NULL,	NULL,	'5',	123,	NULL),
(1819,	0,	16,	'LP0077',	'AZLIKA KIARA FERYASHA',	1,	12,	1,	NULL,	NULL,	'M7',	'7 TINGKAT',	'M',	'NOT AVAIL',	NULL,	141,	4213,	NULL,	NULL,	NULL,	NULL,	NULL,	NULL,	NULL,	'5',	124,	NULL),
(1820,	0,	16,	'LP0078',	'ANINDITO FARREL NARESWARA',	1,	12,	1,	NULL,	NULL,	'M7/F7',	'7 TINGKAT',	'M',	'NOT AVAIL',	NULL,	141,	4213,	NULL,	NULL,	NULL,	NULL,	NULL,	NULL,	NULL,	'5',	125,	NULL),
(1821,	0,	16,	'LP0084',	'M. DAFFA SYARIEF',	1,	12,	1,	NULL,	NULL,	'M7',	'7 TINGKAT',	'M',	'NOT AVAIL',	NULL,	141,	4213,	NULL,	NULL,	NULL,	NULL,	NULL,	NULL,	NULL,	'5',	126,	NULL),
(1822,	0,	16,	'LP0087',	'FAIZA NAILA M.',	1,	12,	1,	NULL,	NULL,	'M7',	'7 TINGKAT',	'M',	'NOT AVAIL',	NULL,	141,	4213,	NULL,	NULL,	NULL,	NULL,	NULL,	NULL,	NULL,	'5',	127,	NULL),
(1823,	0,	16,	'LP0090',	'SAMUEL LUVVY CANG',	1,	12,	1,	NULL,	NULL,	'F7',	'7 TINGKAT',	'M',	'NOT AVAIL',	NULL,	141,	4213,	NULL,	NULL,	NULL,	NULL,	NULL,	NULL,	NULL,	'5',	128,	NULL),
(1824,	0,	16,	'LP0091',	'NATHANIEL ALBERT TANJAYA',	1,	12,	1,	NULL,	NULL,	'F7',	'7 TINGKAT',	'M',	'NOT AVAIL',	NULL,	141,	4213,	NULL,	NULL,	NULL,	NULL,	NULL,	NULL,	NULL,	'5',	129,	NULL),
(1825,	0,	16,	'LP0100',	'BERYL RADITYA AHMAD',	1,	12,	1,	NULL,	NULL,	'M7',	'7 TINGKAT',	'M',	'NOT AVAIL',	NULL,	141,	4213,	NULL,	NULL,	NULL,	NULL,	NULL,	NULL,	NULL,	'5',	130,	NULL),
(1826,	0,	16,	'LP0124',	'FAIZA FADIA ALTAF',	1,	12,	1,	NULL,	NULL,	'F7',	'7 TINGKAT',	'M',	'NOT AVAIL',	NULL,	141,	4213,	NULL,	NULL,	NULL,	NULL,	NULL,	NULL,	NULL,	'5',	131,	NULL),
(1827,	0,	16,	'LP0127',	'NAILA NUR AZIZAH',	1,	12,	1,	NULL,	NULL,	'F7',	'7 TINGKAT',	'M',	'NOT AVAIL',	NULL,	141,	4213,	NULL,	NULL,	NULL,	NULL,	NULL,	NULL,	NULL,	'5',	132,	NULL),
(1828,	0,	16,	'LP0148',	'JESSICA ISSABELL',	1,	12,	1,	NULL,	NULL,	'F7',	'7 TINGKAT',	'M',	'NOT AVAIL',	NULL,	141,	4213,	NULL,	NULL,	NULL,	NULL,	NULL,	NULL,	NULL,	'5',	133,	NULL),
(1829,	0,	16,	'LP0152',	'AURELLIA CAROLINE MASUDI',	1,	12,	1,	NULL,	NULL,	'F7',	'7 TINGKAT',	'M',	'NOT AVAIL',	NULL,	141,	4213,	NULL,	NULL,	NULL,	NULL,	NULL,	NULL,	NULL,	'5',	134,	NULL),
(1830,	0,	16,	'LP0174',	'NABILAH SALMAH ULYA',	1,	12,	1,	NULL,	NULL,	'F7',	'7 TINGKAT',	'M',	'NOT AVAIL',	NULL,	141,	4213,	NULL,	NULL,	NULL,	NULL,	NULL,	NULL,	NULL,	'5',	135,	NULL),
(1831,	0,	16,	'LP0188',	'AZAK EZRA FAIQ',	1,	12,	1,	NULL,	NULL,	'F7',	'7 TINGKAT',	'M',	'NOT AVAIL',	NULL,	141,	4213,	NULL,	NULL,	NULL,	NULL,	NULL,	NULL,	NULL,	'5',	136,	NULL),
(1832,	0,	16,	'LP0194',	'HANA PROBONINDYA',	1,	12,	1,	NULL,	NULL,	'F7',	'7 TINGKAT',	'M',	'NOT AVAIL',	NULL,	141,	4213,	NULL,	NULL,	NULL,	NULL,	NULL,	NULL,	NULL,	'5',	137,	NULL),
(1833,	0,	16,	'LP0015',	'M. NAUFAL FARRAS',	1,	13,	1,	NULL,	NULL,	'F7',	'7 TINGKAT',	'M',	'NOT AVAIL',	NULL,	141,	4213,	NULL,	NULL,	NULL,	NULL,	NULL,	NULL,	NULL,	'5',	138,	NULL),
(1834,	0,	16,	'LP0043',	'IGNACIA JOYLIN KRISTANTI',	1,	13,	1,	NULL,	NULL,	'F7',	'7 TINGKAT',	'M',	'NOT AVAIL',	NULL,	141,	4213,	NULL,	NULL,	NULL,	NULL,	NULL,	NULL,	NULL,	'5',	139,	NULL),
(1835,	0,	16,	'LP0044',	'MARIA CHRISTY ALICIA ONG',	1,	13,	1,	NULL,	NULL,	'F7',	'7 TINGKAT',	'M',	'NOT AVAIL',	NULL,	141,	4213,	NULL,	NULL,	NULL,	NULL,	NULL,	NULL,	NULL,	'5',	140,	NULL),
(1836,	0,	16,	'LP0047',	'KENNETH SANNIAPUTRA',	1,	13,	1,	NULL,	NULL,	'F7',	'7 TINGKAT',	'M',	'NOT AVAIL',	NULL,	141,	4213,	NULL,	NULL,	NULL,	NULL,	NULL,	NULL,	NULL,	'5',	141,	NULL),
(1837,	0,	16,	'LP0079',	'FARAND ADYATMA',	1,	13,	1,	NULL,	NULL,	'F7',	'7 TINGKAT',	'M',	'NOT AVAIL',	NULL,	141,	4213,	NULL,	NULL,	NULL,	NULL,	NULL,	NULL,	NULL,	'5',	142,	NULL),
(1838,	0,	16,	'LP0085',	'JESSYCA ASHLEY CHAYADI',	1,	13,	1,	NULL,	NULL,	'M7/F5',	'7 TINGKAT',	'M',	'NOT AVAIL',	NULL,	141,	4213,	NULL,	NULL,	NULL,	NULL,	NULL,	NULL,	NULL,	'5',	143,	NULL),
(1839,	0,	16,	'LP0098',	'NADYA FAYOLA',	1,	13,	1,	NULL,	NULL,	'F7',	'7 TINGKAT',	'M',	'NOT AVAIL',	NULL,	141,	4213,	NULL,	NULL,	NULL,	NULL,	NULL,	NULL,	NULL,	'5',	144,	NULL),
(1840,	0,	16,	'LP0119',	'AYESHA RAIHANA FAKHIRA',	1,	13,	1,	NULL,	NULL,	'F7',	'7 TINGKAT',	'M',	'NOT AVAIL',	NULL,	141,	4213,	NULL,	NULL,	NULL,	NULL,	NULL,	NULL,	NULL,	'5',	145,	NULL),
(1841,	0,	16,	'LP0153',	'CORNELIUS CHRISTIAN MASUDI',	1,	13,	1,	NULL,	NULL,	'F7',	'7 TINGKAT',	'M',	'NOT AVAIL',	NULL,	141,	4213,	NULL,	NULL,	NULL,	NULL,	NULL,	NULL,	NULL,	'C',	146,	NULL),
(1842,	0,	16,	'LP0167',	'SHAFIRA PUTRI SALSABILA',	1,	13,	1,	NULL,	NULL,	'M7',	'7 TINGKAT',	'M',	'NOT AVAIL',	NULL,	141,	4213,	NULL,	NULL,	NULL,	NULL,	NULL,	NULL,	NULL,	'C',	147,	NULL),
(1843,	0,	16,	'LP0182',	'DIAN LATIFA SYAHADA',	1,	13,	1,	NULL,	NULL,	'F7',	'7 TINGKAT',	'M',	'NOT AVAIL',	NULL,	141,	4213,	NULL,	NULL,	NULL,	NULL,	NULL,	NULL,	NULL,	'C',	148,	NULL),
(1844,	0,	16,	'LP0005',	'KESYA FIDEL DESTANIA',	1,	14,	1,	NULL,	NULL,	'F7',	'7 TINGKAT',	'M',	'NOT AVAIL',	NULL,	141,	4213,	NULL,	NULL,	NULL,	NULL,	NULL,	NULL,	NULL,	'5',	149,	NULL),
(1845,	0,	16,	'LP0022',	'LUCIA WIDYAWASTU N.',	1,	14,	1,	NULL,	NULL,	'F7',	'7 TINGKAT',	'M',	'NOT AVAIL',	NULL,	141,	4213,	NULL,	NULL,	NULL,	NULL,	NULL,	NULL,	NULL,	'5',	150,	NULL),
(1846,	0,	16,	'LP0026',	'BILLIE ABYAN AFIF',	1,	14,	1,	NULL,	NULL,	'F7',	'7 TINGKAT',	'M',	'NOT AVAIL',	NULL,	141,	4213,	NULL,	NULL,	NULL,	NULL,	NULL,	NULL,	NULL,	'C',	151,	NULL),
(1847,	0,	16,	'LP0045',	'NICOLAS SAMUEL ONGGOWIJAYA',	1,	14,	1,	NULL,	NULL,	'F7',	'7 TINGKAT',	'M',	'NOT AVAIL',	NULL,	141,	4213,	NULL,	NULL,	NULL,	NULL,	NULL,	NULL,	NULL,	'5',	152,	NULL),
(1848,	0,	16,	'LP0057',	'YARRA ADINDA GUNAWAN',	1,	14,	1,	NULL,	NULL,	'M7',	'7 TINGKAT',	'M',	'NOT AVAIL',	NULL,	141,	4213,	NULL,	NULL,	NULL,	NULL,	NULL,	NULL,	NULL,	'5',	153,	NULL),
(1849,	0,	16,	'LP0068',	'ESTHER NADINE CLARISSA',	1,	14,	1,	NULL,	NULL,	'M5/F7',	'7 TINGKAT',	'M',	'NOT AVAIL',	NULL,	141,	4213,	NULL,	NULL,	NULL,	NULL,	NULL,	NULL,	NULL,	'5',	154,	NULL),
(1850,	0,	16,	'LP0109',	'KEZIA SEREVINA',	1,	14,	1,	NULL,	NULL,	'F7',	'7 TINGKAT',	'M',	'NOT AVAIL',	NULL,	141,	4213,	NULL,	NULL,	NULL,	NULL,	NULL,	NULL,	NULL,	'5',	155,	NULL),
(1851,	0,	16,	'LP0136',	'NABILA SITI AL KAUTSAR',	1,	14,	1,	NULL,	NULL,	'F7',	'7 TINGKAT',	'M',	'NOT AVAIL',	NULL,	141,	4213,	NULL,	NULL,	NULL,	NULL,	NULL,	NULL,	NULL,	'5',	156,	NULL),
(1852,	0,	16,	'LP0170',	'TSABITA PUTRI MAHYUNDARI',	1,	14,	1,	NULL,	NULL,	'M7',	'7 TINGKAT',	'M',	'NOT AVAIL',	NULL,	141,	4213,	NULL,	NULL,	NULL,	NULL,	NULL,	NULL,	NULL,	'5',	157,	NULL),
(1853,	0,	16,	'LP0173',	'GUSTI AYU PUTU NARTI',	1,	14,	1,	NULL,	NULL,	'M7',	'7 TINGKAT',	'M',	'NOT AVAIL',	NULL,	141,	4213,	NULL,	NULL,	NULL,	NULL,	NULL,	NULL,	NULL,	'5',	158,	NULL),
(1854,	0,	16,	'LP0176',	'GHALIB SAFARAZ HARIMURTI',	1,	14,	1,	NULL,	NULL,	'M7',	'7 TINGKAT',	'M',	'NOT AVAIL',	NULL,	141,	4213,	NULL,	NULL,	NULL,	NULL,	NULL,	NULL,	NULL,	'5',	159,	NULL),
(1855,	0,	16,	'LP0006',	'MICHELLE VALLERINE SETIAWAN',	1,	15,	1,	NULL,	NULL,	'F7',	'7 TINGKAT',	'M',	'NOT AVAIL',	NULL,	141,	4213,	NULL,	NULL,	NULL,	NULL,	NULL,	NULL,	NULL,	'5',	160,	NULL),
(1856,	0,	16,	'LP0023',	'EIFEL LINGGAR NAVARA',	1,	15,	1,	NULL,	NULL,	'F7',	'7 TINGKAT',	'M',	'NOT AVAIL',	NULL,	141,	4213,	NULL,	NULL,	NULL,	NULL,	NULL,	NULL,	NULL,	'C',	161,	NULL),
(1857,	0,	16,	'LP0064',	'NAOMI CHRISTINE N.',	1,	15,	1,	NULL,	NULL,	'F7',	'7 TINGKAT',	'M',	'NOT AVAIL',	NULL,	141,	4213,	NULL,	NULL,	NULL,	NULL,	NULL,	NULL,	NULL,	'5',	162,	NULL),
(1858,	0,	16,	'LP0089',	'RAHMANIA SHALSABILA H.',	1,	15,	1,	NULL,	NULL,	'M7',	'7 TINGKAT',	'M',	'NOT AVAIL',	NULL,	141,	4213,	NULL,	NULL,	NULL,	NULL,	NULL,	NULL,	NULL,	'5',	163,	NULL),
(1859,	0,	16,	'LP0102',	'CHRISDELIA ANDREINA',	1,	15,	1,	NULL,	NULL,	'M7',	'7 TINGKAT',	'M',	'NOT AVAIL',	NULL,	141,	4213,	NULL,	NULL,	NULL,	NULL,	NULL,	NULL,	NULL,	'5',	164,	NULL),
(1860,	0,	16,	'LP0016',	'RIZKA ATHALIE RAMADHANI',	1,	16,	1,	NULL,	NULL,	'F7',	'7 TINGKAT',	'M',	'NOT AVAIL',	NULL,	141,	4213,	NULL,	NULL,	NULL,	NULL,	NULL,	NULL,	NULL,	'C',	165,	NULL),
(1861,	0,	16,	'LP0059',	'NEYSADEVI ELIANA',	1,	16,	1,	NULL,	NULL,	'M7',	'7 TINGKAT',	'M',	'NOT AVAIL',	NULL,	141,	4213,	NULL,	NULL,	NULL,	NULL,	NULL,	NULL,	NULL,	'5',	166,	NULL),
(1862,	0,	16,	'LP0094',	'ANDI NURAFIYAH IRBAH A.',	1,	32,	1,	NULL,	NULL,	'M5/CF',	'COMPLETER',	'M',	'NOT AVAIL',	NULL,	141,	4213,	NULL,	NULL,	NULL,	NULL,	NULL,	NULL,	NULL,	'5',	167,	NULL),
(1863,	1,	16,	'LP0166',	'AISHA NUR FADILAH',	1,	33,	2,	NULL,	'X 3',	'CF',	'COMPLETER',	'M',	'NOT AVAIL',	NULL,	141,	4213,	NULL,	NULL,	NULL,	NULL,	NULL,	NULL,	NULL,	'5',	168,	NULL),
(1864,	0,	16,	'LP0046',	'ANGELICA SANNIAPUTRI',	1,	34,	2,	NULL,	NULL,	'CF',	'COMPLETER',	'M',	'NOT AVAIL',	NULL,	141,	4213,	NULL,	NULL,	NULL,	NULL,	NULL,	NULL,	NULL,	'5',	169,	NULL),
(1865,	0,	16,	'LP0055',	'EVELYNA NAKHLAH MAHESWARI',	1,	34,	2,	NULL,	NULL,	'CF',	'COMPLETER',	'M',	'NOT AVAIL',	NULL,	141,	4213,	NULL,	NULL,	NULL,	NULL,	NULL,	NULL,	NULL,	'5',	170,	NULL),
(1866,	0,	16,	'LP0080',	'JERMAIN SAMUEL WIJAYA',	1,	34,	2,	NULL,	NULL,	'CF',	'COMPLETER',	'M',	'NOT AVAIL',	NULL,	141,	4213,	NULL,	NULL,	NULL,	NULL,	NULL,	NULL,	NULL,	'5',	171,	NULL),
(1867,	0,	16,	'LP0122',	'QUADRANUALA KEVIN B.',	1,	34,	2,	NULL,	NULL,	'CF',	'COMPLETER',	'M',	'NOT AVAIL',	NULL,	141,	4213,	NULL,	NULL,	NULL,	NULL,	NULL,	NULL,	NULL,	'5',	172,	NULL),
(1868,	0,	16,	'LP0169',	'JIHAN AULIA NASYWA',	1,	34,	2,	NULL,	NULL,	'CF',	'COMPLETER',	'M',	'NOT AVAIL',	NULL,	141,	4213,	NULL,	NULL,	NULL,	NULL,	NULL,	NULL,	NULL,	'5',	173,	NULL),
(1869,	0,	16,	'LP0081',	'M. ARIQ AL HAKIM',	1,	35,	2,	NULL,	NULL,	'CF',	'COMPLETER',	'M',	'NOT AVAIL',	NULL,	141,	4213,	NULL,	NULL,	NULL,	NULL,	NULL,	NULL,	NULL,	'5',	174,	NULL),
(1870,	0,	16,	'LP0121',	'KHAYLA NAURA ULYA LUQYANA',	1,	35,	1,	NULL,	NULL,	'M5/CF',	'COMPLETER',	'M',	'NOT AVAIL',	NULL,	141,	4213,	NULL,	NULL,	NULL,	NULL,	NULL,	NULL,	NULL,	'5',	175,	NULL),
(1871,	0,	16,	'LP0123',	'THEODORE ALVIN TANJAYA',	1,	35,	2,	NULL,	NULL,	'CF',	'COMPLETER',	'M',	'NOT AVAIL',	NULL,	141,	4213,	NULL,	NULL,	NULL,	NULL,	NULL,	NULL,	NULL,	'5',	176,	NULL),
(1872,	0,	16,	'LP0137',	'AISYAH AZZAHRAWANI H.',	1,	35,	2,	NULL,	NULL,	'CF',	'COMPLETER',	'M',	'NOT AVAIL',	NULL,	141,	4213,	NULL,	NULL,	NULL,	NULL,	NULL,	NULL,	NULL,	'5',	177,	NULL),
(1873,	0,	16,	'LP0183',	'M. AMAR ERNEST FAHREZI',	1,	35,	2,	NULL,	NULL,	'CF',	'COMPLETER',	'M',	'NOT AVAIL',	NULL,	141,	4213,	NULL,	NULL,	NULL,	NULL,	NULL,	NULL,	NULL,	'5',	178,	NULL),
(1874,	0,	16,	'LP0086',	'BRYAN KANDIJANI',	1,	36,	2,	NULL,	NULL,	'CF',	'COMPLETER',	'M',	'NOT AVAIL',	NULL,	141,	4213,	NULL,	NULL,	NULL,	NULL,	NULL,	NULL,	NULL,	'5',	179,	NULL),
(1875,	0,	16,	'LP0141',	'YASMIN DYAH RAHMADITA',	1,	36,	2,	NULL,	NULL,	'CF',	'COMPLETER',	'M',	'NOT AVAIL',	NULL,	141,	4213,	NULL,	NULL,	NULL,	NULL,	NULL,	NULL,	NULL,	'5',	180,	NULL),
(1876,	0,	16,	'LP0114',	'NABILA RATNA AZ-ZAHRA',	1,	37,	2,	NULL,	NULL,	'CF',	'COMPLETER',	'M',	'NOT AVAIL',	NULL,	141,	4213,	NULL,	NULL,	NULL,	NULL,	NULL,	NULL,	NULL,	'5',	181,	NULL),
(1877,	1,	16,	'LP0151',	'AHMAD AL-FAIZY',	1,	37,	2,	NULL,	'X 2',	'CF',	'COMPLETER',	'M',	'NOT AVAIL',	NULL,	141,	4213,	NULL,	NULL,	NULL,	NULL,	NULL,	NULL,	NULL,	'5',	182,	NULL),
(1878,	0,	16,	'LP0159',	'M. FAZLIKA KHAIDIR ALI',	1,	37,	2,	NULL,	NULL,	'CM',	'COMPLETER',	'M',	'NOT AVAIL',	NULL,	141,	4213,	NULL,	NULL,	NULL,	NULL,	NULL,	NULL,	NULL,	'C',	183,	NULL),
(1879,	1,	16,	'LP0171',	'ABUZAR ALGHIFARI',	1,	37,	2,	NULL,	'X 4',	'CM',	'COMPLETER',	'M',	'NOT AVAIL',	NULL,	141,	4213,	NULL,	NULL,	NULL,	NULL,	NULL,	NULL,	NULL,	'C',	184,	NULL),
(1880,	0,	16,	'LP0195',	'AYIFHA SURYA ANANDA',	1,	37,	2,	NULL,	NULL,	'CF',	'COMPLETER',	'M',	'NOT AVAIL',	NULL,	141,	4213,	NULL,	NULL,	NULL,	NULL,	NULL,	NULL,	NULL,	'C',	185,	NULL),
(1881,	0,	16,	'LP0058',	'VERINE VERONIC',	1,	38,	2,	NULL,	NULL,	'CM',	'COMPLETER',	'M',	'NOT AVAIL',	NULL,	141,	4213,	NULL,	NULL,	NULL,	NULL,	NULL,	NULL,	NULL,	'C',	186,	NULL),
(1882,	0,	16,	'LP0060',	'BELTRAN DARIO',	1,	38,	2,	NULL,	NULL,	'CM',	'COMPLETER',	'M',	'NOT AVAIL',	NULL,	141,	4213,	NULL,	NULL,	NULL,	NULL,	NULL,	NULL,	NULL,	'5',	187,	NULL),
(1883,	0,	16,	'LP0061',	'ERISA OKSANDRA',	1,	38,	2,	NULL,	NULL,	'CF',	'COMPLETER',	'M',	'NOT AVAIL',	NULL,	141,	4213,	NULL,	NULL,	NULL,	NULL,	NULL,	NULL,	NULL,	'C',	188,	NULL),
(1884,	0,	16,	'LP0063',	'ANGELICHA MAYSYA NAHDA',	1,	38,	2,	NULL,	NULL,	'CM',	'COMPLETER',	'M',	'NOT AVAIL',	NULL,	141,	4213,	NULL,	NULL,	NULL,	NULL,	NULL,	NULL,	NULL,	'C',	189,	NULL),
(1885,	0,	16,	'LP0066',	'TAZKIA VIDINI CAYA',	1,	38,	2,	NULL,	NULL,	'CF',	'COMPLETER',	'M',	'NOT AVAIL',	NULL,	141,	4213,	NULL,	NULL,	NULL,	NULL,	NULL,	NULL,	NULL,	'5',	190,	NULL),
(1886,	1,	16,	'LP0115',	'ABIGAIL CELLINA CHAYADI',	1,	38,	2,	NULL,	'X 1',	'CM',	'COMPLETER',	'M',	'NOT AVAIL',	NULL,	141,	4213,	NULL,	NULL,	NULL,	NULL,	NULL,	NULL,	NULL,	'5',	191,	NULL),
(1887,	0,	16,	'LP0193',	'SILVANA NANDA PUTRI',	1,	38,	2,	NULL,	NULL,	'CM',	'COMPLETER',	'M',	'NOT AVAIL',	NULL,	141,	4213,	NULL,	NULL,	NULL,	NULL,	NULL,	NULL,	NULL,	'5',	192,	NULL),
(1888,	0,	16,	'LP0198',	'ZILHADIA MONA RAMADANTI',	1,	38,	2,	NULL,	NULL,	'CF',	'COMPLETER',	'M',	'NOT AVAIL',	NULL,	141,	4213,	NULL,	NULL,	NULL,	NULL,	NULL,	NULL,	NULL,	'5',	193,	NULL),
(1889,	0,	16,	'LP0035',	'REVI MELANI',	1,	39,	2,	NULL,	NULL,	'CF',	'COMPLETER',	'M',	'NOT AVAIL',	NULL,	141,	4213,	NULL,	NULL,	NULL,	NULL,	NULL,	NULL,	NULL,	'5',	194,	NULL),
(1890,	0,	16,	'LP0186',	'MUHAMMAD DAVID GUNAWAN',	1,	39,	2,	NULL,	NULL,	'CF',	'COMPLETER',	'M',	'NOT AVAIL',	NULL,	141,	4213,	NULL,	NULL,	NULL,	NULL,	NULL,	NULL,	NULL,	'5',	195,	NULL),
(1891,	0,	16,	'LP0196',	'ANINDYA PUTRI MARANI',	1,	39,	2,	NULL,	NULL,	'CF',	'COMPLETER',	'M',	'NOT AVAIL',	NULL,	141,	4213,	NULL,	NULL,	NULL,	NULL,	NULL,	NULL,	NULL,	'5',	196,	NULL),
(1892,	0,	16,	'LP0128',	'MAULANA TAUFIQUR ROHMAN',	1,	40,	2,	NULL,	NULL,	'CF',	'COMPLETER',	'M',	'NOT AVAIL',	NULL,	141,	4213,	NULL,	NULL,	NULL,	NULL,	NULL,	NULL,	NULL,	'5',	197,	NULL),
(1893,	0,	16,	'LP0197',	'MARGARETTA MICHELLE LUKE',	1,	40,	2,	NULL,	NULL,	'CF',	'COMPLETER',	'M',	'NOT AVAIL',	NULL,	141,	4213,	NULL,	NULL,	NULL,	NULL,	NULL,	NULL,	NULL,	'C',	198,	NULL);

DROP TABLE IF EXISTS `type`;
CREATE TABLE `type` (
  `type_id` int(10) NOT NULL AUTO_INCREMENT,
  `type_code` varchar(10) NOT NULL,
  `type_name` varchar(20) NOT NULL,
  PRIMARY KEY (`type_id`)
) ENGINE=InnoDB DEFAULT CHARSET=latin1;

INSERT INTO `type` (`type_id`, `type_code`, `type_name`) VALUES
(1,	'A',	'ASF'),
(2,	'C',	'Completer');

DROP TABLE IF EXISTS `user`;
CREATE TABLE `user` (
  `user_id` int(15) NOT NULL AUTO_INCREMENT,
  `user_status_id` int(5) NOT NULL,
  `username` varchar(20) NOT NULL,
  `first_name` varchar(100) NOT NULL,
  `last_name` varchar(100) NOT NULL,
  `email` varchar(50) NOT NULL,
  `password` varchar(255) NOT NULL,
  `created_date` datetime NOT NULL DEFAULT CURRENT_TIMESTAMP,
  `updated_date` datetime NOT NULL DEFAULT CURRENT_TIMESTAMP ON UPDATE CURRENT_TIMESTAMP,
  PRIMARY KEY (`user_id`),
  KEY `user_status_id` (`user_status_id`),
  CONSTRAINT `user_ibfk_3` FOREIGN KEY (`user_status_id`) REFERENCES `user_status` (`user_status_id`) ON DELETE CASCADE ON UPDATE CASCADE
) ENGINE=InnoDB DEFAULT CHARSET=latin1;

INSERT INTO `user` (`user_id`, `user_status_id`, `username`, `first_name`, `last_name`, `email`, `password`, `created_date`, `updated_date`) VALUES
(27,	1,	'admin',	'admin',	'admin',	'kumon1123@gmail.com',	'f6fdffe48c908deb0f4c3bd36c032e72',	'2018-05-26 21:18:55',	'2018-07-03 22:12:23'),
(28,	1,	'tes user',	'tes aja',	'aja',	'tes@gmail.com',	'e9826a10941f1a3d13e5af6db63dd8c4',	'2018-05-26 21:23:41',	'2018-05-26 21:23:41'),
(36,	2,	'cobain',	'cobain',	'cobain',	'cobain@gmail.com',	'bed5022921aa27b94229bb951668c58b',	'2018-05-26 21:37:27',	'2018-06-25 19:54:04');

DROP TABLE IF EXISTS `user_status`;
CREATE TABLE `user_status` (
  `user_status_id` int(5) NOT NULL AUTO_INCREMENT,
  `user_status_name` varchar(50) NOT NULL,
  PRIMARY KEY (`user_status_id`)
) ENGINE=InnoDB DEFAULT CHARSET=latin1;

INSERT INTO `user_status` (`user_status_id`, `user_status_name`) VALUES
(1,	'admin'),
(2,	'user');

-- 2018-07-05 13:24:38
